item	commit	run	condition	seconds	exit_code
build	baseline	1	cold	1581	0
build	baseline	1	unchanged	0	0
build	baseline	1	core_touch	68	0
build	master	1	cold	974	0
build	master	1	unchanged	0	0
build	master	1	core_touch	74	0
build	baseline	2	cold	1558	0
build	baseline	2	unchanged	1	0
build	baseline	2	core_touch	68	0
build	master	2	cold	975	0
build	master	2	unchanged	0	0
build	master	2	core_touch	74	0
binaries	baseline	1	cli	1258	0
binaries	baseline	1	gateway	497	0
binaries	baseline	1	swarmyd	24	0
binaries	master	1	cli	467	0
binaries	master	1	gateway	531	0
binaries	master	1	swarmyd	148	0
binaries	baseline	2	cli	1251	0
binaries	baseline	2	gateway	494	0
binaries	baseline	2	swarmyd	24	0
binaries	master	2	cli	466	0
binaries	master	2	gateway	530	0
binaries	master	2	swarmyd	149	0
